Leica,MiniLidarS
0.055,0.082
0.055,0.084
0.055,0.081
0.055,0.082
0.055,0.086
0.055,0.082
0.055,0.086
0.055,0.085
0.055,0.085
0.055,0.081
0.055,0.085
0.055,0.083
0.055,0.083
0.055,0.085
0.055,0.084
0.055,0.084
0.055,0.083
0.055,0.085
0.055,0.084
0.055,0.085
0.055,0.085
0.055,0.084
0.055,0.086
0.055,0.084
0.055,0.084
0.055,0.084
0.055,0.081
0.055,0.083
0.055,0.082
0.055,0.082
0.055,0.084
0.055,0.081
0.055,0.082
0.055,0.084
0.055,0.083
0.055,0.084
0.055,0.082
0.055,0.085
0.055,0.085
0.055,0.085
0.074,0.09
0.074,0.092
0.074,0.092
0.074,0.091
0.074,0.089
0.074,0.09
0.074,0.094
0.074,0.09
0.074,0.092
0.074,0.092
0.074,0.09
0.074,0.09
0.074,0.092
0.074,0.094
0.074,0.09
0.074,0.093
0.074,0.094
0.074,0.09
0.074,0.09
0.074,0.092
0.074,0.091
0.074,0.091
0.074,0.09
0.074,0.091
0.074,0.087
0.074,0.091
0.074,0.092
0.074,0.091
0.074,0.091
0.074,0.09
0.074,0.091
0.074,0.09
0.074,0.093
0.074,0.091
0.074,0.09
0.074,0.094
0.074,0.091
0.074,0.092
0.074,0.092
0.074,0.093
0.092,0.101
0.092,0.103
0.092,0.103
0.092,0.102
0.092,0.1
0.092,0.102
0.092,0.1
0.092,0.101
0.092,0.102
0.092,0.101
0.092,0.102
0.092,0.101
0.092,0.102
0.092,0.101
0.092,0.104
0.092,0.101
0.092,0.102
0.092,0.104
0.092,0.103
0.092,0.103
0.092,0.102
0.092,0.102
0.092,0.101
0.092,0.101
0.092,0.102
0.092,0.102
0.092,0.1
0.092,0.102
0.092,0.104
0.092,0.103
0.092,0.102
0.092,0.102
0.092,0.102
0.092,0.102
0.092,0.102
0.092,0.101
0.092,0.102
0.092,0.101
0.092,0.101
0.092,0.101
0.111,0.119
0.111,0.118
0.111,0.116
0.111,0.116
0.111,0.12
0.111,0.112
0.111,0.116
0.111,0.118
0.111,0.119
0.111,0.118
0.111,0.119
0.111,0.119
0.111,0.115
0.111,0.118
0.111,0.118
0.111,0.115
0.111,0.118
0.111,0.119
0.111,0.118
0.111,0.118
0.111,0.118
0.111,0.124
0.111,0.116
0.111,0.119
0.111,0.115
0.111,0.122
0.111,0.117
0.111,0.117
0.111,0.115
0.111,0.119
0.111,0.118
0.111,0.116
0.111,0.123
0.111,0.118
0.111,0.119
0.111,0.119
0.111,0.119
0.111,0.118
0.111,0.12
0.111,0.119
0.124,0.133
0.124,0.13
0.124,0.132
0.124,0.134
0.124,0.133
0.124,0.133
0.124,0.135
0.124,0.13
0.124,0.13
0.124,0.133
0.124,0.13
0.124,0.132
0.124,0.133
0.124,0.135
0.124,0.13
0.124,0.132
0.124,0.132
0.124,0.133
0.124,0.13
0.124,0.133
0.124,0.135
0.124,0.132
0.124,0.133
0.124,0.132
0.124,0.13
0.124,0.132
0.124,0.131
0.124,0.132
0.124,0.134
0.124,0.133
0.124,0.133
0.124,0.135
0.124,0.133
0.124,0.133
0.124,0.133
0.124,0.132
0.124,0.132
0.124,0.133
0.124,0.133
0.124,0.133
0.179,0.181
0.179,0.181
0.179,0.178
0.179,0.18
0.179,0.18
0.179,0.181
0.179,0.181
0.179,0.181
0.179,0.181
0.179,0.175
0.179,0.178
0.179,0.179
0.179,0.18
0.179,0.182
0.179,0.18
0.179,0.181
0.179,0.181
0.179,0.181
0.179,0.182
0.179,0.183
0.179,0.182
0.179,0.183
0.179,0.182
0.179,0.181
0.179,0.183
0.179,0.182
0.179,0.18
0.179,0.182
0.179,0.179
0.179,0.18
0.179,0.182
0.179,0.181
0.179,0.182
0.179,0.182
0.179,0.179
0.179,0.178
0.179,0.183
0.179,0.177
0.179,0.181
0.179,0.178
0.227,0.223
0.227,0.225
0.227,0.219
0.227,0.225
0.227,0.223
0.227,0.222
0.227,0.223
0.227,0.226
0.227,0.225
0.227,0.22
0.227,0.222
0.227,0.226
0.227,0.223
0.227,0.223
0.227,0.225
0.227,0.222
0.227,0.222
0.227,0.223
0.227,0.225
0.227,0.226
0.227,0.223
0.227,0.223
0.227,0.228
0.227,0.222
0.227,0.223
0.227,0.222
0.227,0.219
0.227,0.222
0.227,0.223
0.227,0.222
0.227,0.222
0.227,0.223
0.227,0.225
0.227,0.221
0.227,0.222
0.227,0.223
0.227,0.224
0.227,0.223
0.227,0.22
0.227,0.223
0.276,0.275
0.276,0.276
0.276,0.271
0.276,0.271
0.276,0.273
0.276,0.272
0.276,0.271
0.276,0.272
0.276,0.273
0.276,0.271
0.276,0.271
0.276,0.273
0.276,0.272
0.276,0.273
0.276,0.268
0.276,0.273
0.276,0.269
0.276,0.272
0.276,0.273
0.276,0.273
0.276,0.273
0.276,0.273
0.276,0.273
0.276,0.275
0.276,0.271
0.276,0.269
0.276,0.272
0.276,0.273
0.276,0.273
0.276,0.271
0.276,0.273
0.276,0.275
0.276,0.271
0.276,0.272
0.276,0.269
0.276,0.272
0.276,0.274
0.276,0.272
0.276,0.271
0.276,0.275
0.326,0.322
0.326,0.323
0.326,0.32
0.326,0.325
0.326,0.324
0.326,0.323
0.326,0.323
0.326,0.325
0.326,0.324
0.326,0.32
0.326,0.321
0.326,0.319
0.326,0.321
0.326,0.32
0.326,0.321
0.326,0.316
0.326,0.321
0.326,0.321
0.326,0.318
0.326,0.322
0.326,0.321
0.326,0.318
0.326,0.319
0.326,0.317
0.326,0.322
0.326,0.324
0.326,0.317
0.326,0.319
0.326,0.321
0.326,0.32
0.326,0.32
0.326,0.323
0.326,0.321
0.326,0.322
0.326,0.321
0.326,0.324
0.326,0.318
0.326,0.321
0.326,0.32
0.326,0.322
0.375,0.364
0.375,0.367
0.375,0.363
0.375,0.363
0.375,0.364
0.375,0.367
0.375,0.364
0.375,0.364
0.375,0.364
0.375,0.367
0.375,0.368
0.375,0.363
0.375,0.366
0.375,0.362
0.375,0.365
0.375,0.363
0.375,0.362
0.375,0.363
0.375,0.362
0.375,0.364
0.375,0.364
0.375,0.367
0.375,0.364
0.375,0.365
0.375,0.366
0.375,0.362
0.375,0.363
0.375,0.367
0.375,0.369
0.375,0.362
0.375,0.363
0.375,0.367
0.375,0.363
0.375,0.363
0.375,0.364
0.375,0.365
0.375,0.359
0.375,0.363
0.375,0.367
0.375,0.367
0.425,0.417
0.425,0.417
0.425,0.416
0.425,0.417
0.425,0.417
0.425,0.417
0.425,0.417
0.425,0.417
0.425,0.417
0.425,0.417
0.425,0.417
0.425,0.418
0.425,0.416
0.425,0.417
0.425,0.418
0.425,0.417
0.425,0.417
0.425,0.417
0.425,0.417
0.425,0.418
0.425,0.417
0.425,0.418
0.425,0.417
0.425,0.417
0.425,0.417
0.425,0.416
0.425,0.417
0.425,0.417
0.425,0.417
0.425,0.417
0.425,0.418
0.425,0.418
0.425,0.417
0.425,0.417
0.425,0.418
0.425,0.417
0.425,0.417
0.425,0.418
0.425,0.418
0.425,0.417
0.475,0.469
0.475,0.47
0.475,0.468
0.475,0.469
0.475,0.469
0.475,0.468
0.475,0.469
0.475,0.469
0.475,0.469
0.475,0.47
0.475,0.469
0.475,0.47
0.475,0.469
0.475,0.47
0.475,0.469
0.475,0.469
0.475,0.469
0.475,0.468
0.475,0.47
0.475,0.469
0.475,0.47
0.475,0.469
0.475,0.469
0.475,0.47
0.475,0.47
0.475,0.468
0.475,0.47
0.475,0.469
0.475,0.469
0.475,0.469
0.475,0.469
0.475,0.47
0.475,0.469
0.475,0.47
0.475,0.47
0.475,0.47
0.475,0.469
0.475,0.469
0.475,0.47
0.475,0.47
0.525,0.516
0.525,0.515
0.525,0.515
0.525,0.516
0.525,0.516
0.525,0.515
0.525,0.516
0.525,0.516
0.525,0.516
0.525,0.516
0.525,0.516
0.525,0.516
0.525,0.517
0.525,0.515
0.525,0.516
0.525,0.517
0.525,0.517
0.525,0.516
0.525,0.517
0.525,0.516
0.525,0.516
0.525,0.517
0.525,0.515
0.525,0.516
0.525,0.515
0.525,0.516
0.525,0.515
0.525,0.517
0.525,0.515
0.525,0.516
0.525,0.516
0.525,0.515
0.525,0.517
0.525,0.516
0.525,0.517
0.525,0.517
0.525,0.516
0.525,0.516
0.525,0.516
0.525,0.517
0.577,0.571
0.577,0.568
0.577,0.568
0.577,0.569
0.577,0.57
0.577,0.57
0.577,0.571
0.577,0.569
0.577,0.569
0.577,0.568
0.577,0.57
0.577,0.569
0.577,0.571
0.577,0.57
0.577,0.568
0.577,0.569
0.577,0.569
0.577,0.569
0.577,0.568
0.577,0.569
0.577,0.57
0.577,0.569
0.577,0.57
0.577,0.569
0.577,0.568
0.577,0.569
0.577,0.569
0.577,0.567
0.577,0.569
0.577,0.569
0.577,0.57
0.577,0.569
0.577,0.568
0.577,0.57
0.577,0.57
0.577,0.569
0.577,0.57
0.577,0.568
0.577,0.569
0.577,0.568
0.627,0.62
0.627,0.621
0.627,0.622
0.627,0.62
0.627,0.621
0.627,0.619
0.627,0.62
0.627,0.62
0.627,0.621
0.627,0.62
0.627,0.62
0.627,0.621
0.627,0.62
0.627,0.621
0.627,0.62
0.627,0.621
0.627,0.622
0.627,0.619
0.627,0.619
0.627,0.62
0.627,0.62
0.627,0.619
0.627,0.621
0.627,0.62
0.627,0.62
0.627,0.619
0.627,0.621
0.627,0.621
0.627,0.619
0.627,0.62
0.627,0.619
0.627,0.62
0.627,0.62
0.627,0.621
0.627,0.619
0.627,0.619
0.627,0.62
0.627,0.622
0.627,0.62
0.627,0.621
0.677,0.666
0.677,0.669
0.677,0.667
0.677,0.665
0.677,0.667
0.677,0.667
0.677,0.67
0.677,0.668
0.677,0.666
0.677,0.666
0.677,0.668
0.677,0.667
0.677,0.667
0.677,0.669
0.677,0.667
0.677,0.666
0.677,0.666
0.677,0.667
0.677,0.667
0.677,0.668
0.677,0.667
0.677,0.67
0.677,0.664
0.677,0.669
0.677,0.665
0.677,0.668
0.677,0.669
0.677,0.669
0.677,0.668
0.677,0.667
0.677,0.669
0.677,0.668
0.677,0.668
0.677,0.666
0.677,0.667
0.677,0.667
0.677,0.668
0.677,0.667
0.677,0.666
0.677,0.667
0.727,0.718
0.727,0.718
0.727,0.719
0.727,0.719
0.727,0.719
0.727,0.718
0.727,0.717
0.727,0.721
0.727,0.72
0.727,0.717
0.727,0.72
0.727,0.718
0.727,0.72
0.727,0.718
0.727,0.719
0.727,0.717
0.727,0.717
0.727,0.72
0.727,0.719
0.727,0.718
0.727,0.719
0.727,0.717
0.727,0.716
0.727,0.718
0.727,0.718
0.727,0.719
0.727,0.717
0.727,0.717
0.727,0.72
0.727,0.72
0.727,0.718
0.727,0.72
0.727,0.717
0.727,0.718
0.727,0.718
0.727,0.72
0.727,0.716
0.727,0.717
0.727,0.718
0.727,0.719
0.775,0.766
0.775,0.768
0.775,0.77
0.775,0.772
0.775,0.769
0.775,0.771
0.775,0.768
0.775,0.77
0.775,0.769
0.775,0.771
0.775,0.772
0.775,0.771
0.775,0.767
0.775,0.768
0.775,0.767
0.775,0.767
0.775,0.771
0.775,0.769
0.775,0.765
0.775,0.764
0.775,0.769
0.775,0.765
0.775,0.768
0.775,0.772
0.775,0.769
0.775,0.769
0.775,0.768
0.775,0.767
0.775,0.769
0.775,0.77
0.775,0.767
0.775,0.77
0.775,0.771
0.775,0.771
0.775,0.765
0.775,0.77
0.775,0.764
0.775,0.766
0.775,0.766
0.775,0.766
0.827,0.821
0.827,0.817
0.827,0.816
0.827,0.817
0.827,0.817
0.827,0.818
0.827,0.816
0.827,0.817
0.827,0.816
0.827,0.818
0.827,0.817
0.827,0.819
0.827,0.816
0.827,0.817
0.827,0.817
0.827,0.819
0.827,0.814
0.827,0.816
0.827,0.817
0.827,0.818
0.827,0.815
0.827,0.813
0.827,0.82
0.827,0.815
0.827,0.816
0.827,0.818
0.827,0.819
0.827,0.817
0.827,0.815
0.827,0.816
0.827,0.816
0.827,0.816
0.827,0.821
0.827,0.821
0.827,0.817
0.827,0.816
0.827,0.814
0.827,0.817
0.827,0.813
0.827,0.817
0.88,0.865
0.88,0.864
0.88,0.866
0.88,0.869
0.88,0.869
0.88,0.866
0.88,0.868
0.88,0.867
0.88,0.869
0.88,0.867
0.88,0.866
0.88,0.869
0.88,0.867
0.88,0.868
0.88,0.867
0.88,0.866
0.88,0.867
0.88,0.87
0.88,0.87
0.88,0.869
0.88,0.868
0.88,0.865
0.88,0.867
0.88,0.867
0.88,0.869
0.88,0.867
0.88,0.868
0.88,0.867
0.88,0.865
0.88,0.866
0.88,0.868
0.88,0.867
0.88,0.868
0.88,0.869
0.88,0.871
0.88,0.87
0.88,0.865
0.88,0.87
0.88,0.868
0.88,0.871
0.922,0.911
0.922,0.905
0.922,0.912
0.922,0.909
0.922,0.909
0.922,0.907
0.922,0.91
0.922,0.905
0.922,0.904
0.922,0.908
0.922,0.908
0.922,0.906
0.922,0.908
0.922,0.907
0.922,0.909
0.922,0.909
0.922,0.904
0.922,0.908
0.922,0.905
0.922,0.907
0.922,0.907
0.922,0.913
0.922,0.909
0.922,0.904
0.922,0.907
0.922,0.911
0.922,0.908
0.922,0.907
0.922,0.908
0.922,0.906
0.922,0.912
0.922,0.911
0.922,0.906
0.922,0.906
0.922,0.908
0.922,0.908
0.922,0.914
0.922,0.909
0.922,0.903
0.922,0.91
0.97,0.959
0.97,0.959
0.97,0.956
0.97,0.96
0.97,0.957
0.97,0.961
0.97,0.961
0.97,0.961
0.97,0.956
0.97,0.959
0.97,0.957
0.97,0.958
0.97,0.961
0.97,0.956
0.97,0.96
0.97,0.96
0.97,0.961
0.97,0.959
0.97,0.957
0.97,0.958
0.97,0.962
0.97,0.953
0.97,0.957
0.97,0.962
0.97,0.955
0.97,0.958
0.97,0.959
0.97,0.962
0.97,0.961
0.97,0.958
0.97,0.957
0.97,0.959
0.97,0.96
0.97,0.96
0.97,0.952
0.97,0.956
0.97,0.958
0.97,0.957
0.97,0.958
0.97,0.959
1.02,1.014
1.02,1.015
1.02,1.015
1.02,1.014
1.02,1.014
1.02,1.015
1.02,1.014
1.02,1.013
1.02,1.015
1.02,1.014
1.02,1.014
1.02,1.014
1.02,1.015
1.02,1.014
1.02,1.013
1.02,1.015
1.02,1.014
1.02,1.015
1.02,1.014
1.02,1.015
1.02,1.014
1.02,1.014
1.02,1.015
1.02,1.014
1.02,1.015
1.02,1.015
1.02,1.014
1.02,1.015
1.02,1.015
1.02,1.014
1.02,1.015
1.02,1.014
1.02,1.014
1.02,1.015
1.02,1.013
1.02,1.014
1.02,1.014
1.02,1.014
1.02,1.014
1.02,1.014
1.07,1.066
1.07,1.067
1.07,1.067
1.07,1.066
1.07,1.066
1.07,1.066
1.07,1.067
1.07,1.066
1.07,1.067
1.07,1.066
1.07,1.067
1.07,1.067
1.07,1.067
1.07,1.066
1.07,1.067
1.07,1.067
1.07,1.067
1.07,1.068
1.07,1.066
1.07,1.065
1.07,1.066
1.07,1.067
1.07,1.066
1.07,1.067
1.07,1.066
1.07,1.067
1.07,1.066
1.07,1.066
1.07,1.066
1.07,1.066
1.07,1.066
1.07,1.067
1.07,1.067
1.07,1.066
1.07,1.066
1.07,1.067
1.07,1.067
1.07,1.066
1.07,1.067
1.07,1.066
1.12,1.116
1.12,1.115
1.12,1.115
1.12,1.114
1.12,1.115
1.12,1.114
1.12,1.114
1.12,1.115
1.12,1.114
1.12,1.114
1.12,1.114
1.12,1.114
1.12,1.113
1.12,1.115
1.12,1.115
1.12,1.115
1.12,1.114
1.12,1.115
1.12,1.115
1.12,1.115
1.12,1.114
1.12,1.113
1.12,1.113
1.12,1.115
1.12,1.116
1.12,1.114
1.12,1.115
1.12,1.114
1.12,1.114
1.12,1.115
1.12,1.113
1.12,1.113
1.12,1.114
1.12,1.114
1.12,1.114
1.12,1.114
1.12,1.115
1.12,1.114
1.12,1.115
1.12,1.114
1.169,1.162
1.169,1.162
1.169,1.162
1.169,1.162
1.169,1.162
1.169,1.162
1.169,1.162
1.169,1.163
1.169,1.162
1.169,1.162
1.169,1.162
1.169,1.161
1.169,1.162
1.169,1.162
1.169,1.162
1.169,1.162
1.169,1.162
1.169,1.162
1.169,1.162
1.169,1.162
1.169,1.163
1.169,1.162
1.169,1.162
1.169,1.162
1.169,1.162
1.169,1.162
1.169,1.162
1.169,1.162
1.169,1.162
1.169,1.163
1.169,1.162
1.169,1.162
1.169,1.162
1.169,1.162
1.169,1.162
1.169,1.162
1.169,1.162
1.169,1.162
1.169,1.162
1.169,1.161
1.22,1.214
1.22,1.214
1.22,1.214
1.22,1.214
1.22,1.214
1.22,1.214
1.22,1.214
1.22,1.214
1.22,1.215
1.22,1.215
1.22,1.214
1.22,1.214
1.22,1.215
1.22,1.214
1.22,1.213
1.22,1.214
1.22,1.214
1.22,1.213
1.22,1.214
1.22,1.215
1.22,1.214
1.22,1.213
1.22,1.213
1.22,1.213
1.22,1.213
1.22,1.215
1.22,1.215
1.22,1.214
1.22,1.214
1.22,1.214
1.22,1.215
1.22,1.214
1.22,1.213
1.22,1.214
1.22,1.215
1.22,1.214
1.22,1.212
1.22,1.214
1.22,1.212
1.22,1.214
1.27,1.263
1.27,1.264
1.27,1.262
1.27,1.262
1.27,1.262
1.27,1.262
1.27,1.262
1.27,1.263
1.27,1.262
1.27,1.264
1.27,1.262
1.27,1.262
1.27,1.262
1.27,1.264
1.27,1.262
1.27,1.262
1.27,1.263
1.27,1.261
1.27,1.262
1.27,1.263
1.27,1.262
1.27,1.262
1.27,1.262
1.27,1.262
1.27,1.261
1.27,1.263
1.27,1.263
1.27,1.263
1.27,1.263
1.27,1.262
1.27,1.263
1.27,1.262
1.27,1.265
1.27,1.262
1.27,1.265
1.27,1.263
1.27,1.263
1.27,1.263
1.27,1.263
1.27,1.264
1.32,1.312
1.32,1.312
1.32,1.313
1.32,1.314
1.32,1.314
1.32,1.314
1.32,1.314
1.32,1.313
1.32,1.312
1.32,1.313
1.32,1.313
1.32,1.312
1.32,1.313
1.32,1.312
1.32,1.313
1.32,1.312
1.32,1.311
1.32,1.312
1.32,1.314
1.32,1.312
1.32,1.313
1.32,1.313
1.32,1.313
1.32,1.313
1.32,1.311
1.32,1.314
1.32,1.313
1.32,1.312
1.32,1.312
1.32,1.314
1.32,1.313
1.32,1.314
1.32,1.313
1.32,1.313
1.32,1.313
1.32,1.312
1.32,1.313
1.32,1.313
1.32,1.312
1.32,1.313
1.37,1.363
1.37,1.362
1.37,1.363
1.37,1.362
1.37,1.362
1.37,1.362
1.37,1.363
1.37,1.364
1.37,1.363
1.37,1.362
1.37,1.361
1.37,1.363
1.37,1.363
1.37,1.362
1.37,1.362
1.37,1.362
1.37,1.362
1.37,1.364
1.37,1.363
1.37,1.363
1.37,1.362
1.37,1.361
1.37,1.362
1.37,1.362
1.37,1.364
1.37,1.363
1.37,1.363
1.37,1.361
1.37,1.364
1.37,1.363
1.37,1.363
1.37,1.362
1.37,1.363
1.37,1.36
1.37,1.362
1.37,1.362
1.37,1.362
1.37,1.362
1.37,1.363
1.37,1.362
1.42,1.411
1.42,1.411
1.42,1.411
1.42,1.411
1.42,1.411
1.42,1.411
1.42,1.41
1.42,1.41
1.42,1.413
1.42,1.412
1.42,1.41
1.42,1.412
1.42,1.412
1.42,1.412
1.42,1.411
1.42,1.413
1.42,1.411
1.42,1.411
1.42,1.412
1.42,1.413
1.42,1.411
1.42,1.412
1.42,1.412
1.42,1.41
1.42,1.411
1.42,1.412
1.42,1.411
1.42,1.412
1.42,1.411
1.42,1.411
1.42,1.411
1.42,1.411
1.42,1.41
1.42,1.41
1.42,1.412
1.42,1.412
1.42,1.411
1.42,1.411
1.42,1.412
1.42,1.408
1.469,1.463
1.469,1.462
1.469,1.462
1.469,1.462
1.469,1.461
1.469,1.463
1.469,1.461
1.469,1.462
1.469,1.462
1.469,1.462
1.469,1.46
1.469,1.46
1.469,1.461
1.469,1.462
1.469,1.462
1.469,1.463
1.469,1.46
1.469,1.463
1.469,1.46
1.469,1.462
1.469,1.462
1.469,1.462
1.469,1.462
1.469,1.463
1.469,1.461
1.469,1.463
1.469,1.462
1.469,1.461
1.469,1.464
1.469,1.461
1.469,1.461
1.469,1.462
1.469,1.461
1.469,1.462
1.469,1.463
1.469,1.462
1.469,1.462
1.469,1.461
1.469,1.463
1.469,1.462
1.52,1.51
1.52,1.511
1.52,1.511
1.52,1.511
1.52,1.512
1.52,1.512
1.52,1.511
1.52,1.512
1.52,1.512
1.52,1.512
1.52,1.511
1.52,1.512
1.52,1.51
1.52,1.512
1.52,1.512
1.52,1.511
1.52,1.51
1.52,1.511
1.52,1.509
1.52,1.511
1.52,1.51
1.52,1.512
1.52,1.512
1.52,1.514
1.52,1.51
1.52,1.511
1.52,1.51
1.52,1.509
1.52,1.511
1.52,1.511
1.52,1.511
1.52,1.51
1.52,1.511
1.52,1.511
1.52,1.51
1.52,1.511
1.52,1.512
1.52,1.512
1.52,1.511
1.52,1.511
1.571,1.564
1.571,1.565
1.571,1.565
1.571,1.564
1.571,1.565
1.571,1.566
1.571,1.564
1.571,1.565
1.571,1.561
1.571,1.563
1.571,1.566
1.571,1.565
1.571,1.563
1.571,1.563
1.571,1.565
1.571,1.564
1.571,1.564
1.571,1.564
1.571,1.562
1.571,1.565
1.571,1.564
1.571,1.566
1.571,1.564
1.571,1.564
1.571,1.563
1.571,1.563
1.571,1.564
1.571,1.562
1.571,1.565
1.571,1.563
1.571,1.563
1.571,1.564
1.571,1.565
1.571,1.567
1.571,1.563
1.571,1.564
1.571,1.564
1.571,1.564
1.571,1.565
1.571,1.564
1.621,1.61
1.621,1.611
1.621,1.614
1.621,1.612
1.621,1.612
1.621,1.612
1.621,1.612
1.621,1.613
1.621,1.611
1.621,1.613
1.621,1.611
1.621,1.612
1.621,1.612
1.621,1.613
1.621,1.614
1.621,1.612
1.621,1.614
1.621,1.613
1.621,1.614
1.621,1.611
1.621,1.614
1.621,1.612
1.621,1.612
1.621,1.613
1.621,1.612
1.621,1.613
1.621,1.614
1.621,1.615
1.621,1.615
1.621,1.612
1.621,1.612
1.621,1.615
1.621,1.613
1.621,1.612
1.621,1.613
1.621,1.61
1.621,1.613
1.621,1.61
1.621,1.611
1.621,1.613
1.67,1.662
1.67,1.663
1.67,1.663
1.67,1.665
1.67,1.663
1.67,1.664
1.67,1.66
1.67,1.663
1.67,1.663
1.67,1.666
1.67,1.663
1.67,1.662
1.67,1.664
1.67,1.663
1.67,1.663
1.67,1.663
1.67,1.664
1.67,1.664
1.67,1.665
1.67,1.661
1.67,1.663
1.67,1.665
1.67,1.663
1.67,1.662
1.67,1.664
1.67,1.663
1.67,1.665
1.67,1.665
1.67,1.663
1.67,1.664
1.67,1.661
1.67,1.663
1.67,1.663
1.67,1.662
1.67,1.665
1.67,1.664
1.67,1.664
1.67,1.663
1.67,1.665
1.67,1.662
1.72,1.714
1.72,1.714
1.72,1.714
1.72,1.713
1.72,1.714
1.72,1.713
1.72,1.714
1.72,1.711
1.72,1.714
1.72,1.712
1.72,1.714
1.72,1.713
1.72,1.713
1.72,1.713
1.72,1.717
1.72,1.714
1.72,1.715
1.72,1.713
1.72,1.714
1.72,1.712
1.72,1.715
1.72,1.713
1.72,1.713
1.72,1.712
1.72,1.714
1.72,1.714
1.72,1.713
1.72,1.712
1.72,1.714
1.72,1.713
1.72,1.713
1.72,1.712
1.72,1.713
1.72,1.712
1.72,1.715
1.72,1.714
1.72,1.715
1.72,1.714
1.72,1.713
1.72,1.715
1.771,1.764
1.771,1.764
1.771,1.767
1.771,1.768
1.771,1.765
1.771,1.766
1.771,1.766
1.771,1.765
1.771,1.768
1.771,1.766
1.771,1.764
1.771,1.765
1.771,1.767
1.771,1.764
1.771,1.765
1.771,1.766
1.771,1.763
1.771,1.767
1.771,1.766
1.771,1.768
1.771,1.767
1.771,1.766
1.771,1.767
1.771,1.766
1.771,1.766
1.771,1.765
1.771,1.765
1.771,1.765
1.771,1.766
1.771,1.768
1.771,1.765
1.771,1.765
1.771,1.767
1.771,1.767
1.771,1.764
1.771,1.767
1.771,1.765
1.771,1.765
1.771,1.766
1.771,1.765
1.82,1.815
1.82,1.818
1.82,1.82
1.82,1.819
1.82,1.817
1.82,1.818
1.82,1.817
1.82,1.819
1.82,1.816
1.82,1.817
1.82,1.818
1.82,1.819
1.82,1.814
1.82,1.816
1.82,1.819
1.82,1.82
1.82,1.816
1.82,1.817
1.82,1.814
1.82,1.818
1.82,1.816
1.82,1.818
1.82,1.817
1.82,1.818
1.82,1.819
1.82,1.816
1.82,1.818
1.82,1.817
1.82,1.816
1.82,1.817
1.82,1.818
1.82,1.818
1.82,1.817
1.82,1.818
1.82,1.821
1.82,1.816
1.82,1.818
1.82,1.819
1.82,1.818
1.82,1.817
1.87,1.868
1.87,1.866
1.87,1.869
1.87,1.871
1.87,1.866
1.87,1.869
1.87,1.868
1.87,1.868
1.87,1.866
1.87,1.867
1.87,1.869
1.87,1.865
1.87,1.867
1.87,1.869
1.87,1.87
1.87,1.864
1.87,1.868
1.87,1.868
1.87,1.869
1.87,1.866
1.87,1.867
1.87,1.867
1.87,1.867
1.87,1.866
1.87,1.866
1.87,1.868
1.87,1.866
1.87,1.867
1.87,1.867
1.87,1.869
1.87,1.866
1.87,1.867
1.87,1.87
1.87,1.869
1.87,1.869
1.87,1.869
1.87,1.867
1.87,1.866
1.87,1.869
1.87,1.867
1.92,1.92
1.92,1.918
1.92,1.916
1.92,1.917
1.92,1.915
1.92,1.914
1.92,1.915
1.92,1.917
1.92,1.918
1.92,1.916
1.92,1.922
1.92,1.918
1.92,1.917
1.92,1.916
1.92,1.914
1.92,1.914
1.92,1.916
1.92,1.917
1.92,1.917
1.92,1.915
1.92,1.917
1.92,1.917
1.92,1.915
1.92,1.917
1.92,1.916
1.92,1.918
1.92,1.918
1.92,1.916
1.92,1.918
1.92,1.918
1.92,1.919
1.92,1.913
1.92,1.916
1.92,1.914
1.92,1.916
1.92,1.92
1.92,1.915
1.92,1.915
1.92,1.919
1.92,1.912
1.971,1.966
1.971,1.969
1.971,1.97
1.971,1.969
1.971,1.968
1.971,1.971
1.971,1.966
1.971,1.969
1.971,1.967
1.971,1.967
1.971,1.973
1.971,1.97
1.971,1.966
1.971,1.973
1.971,1.97
1.971,1.971
1.971,1.97
1.971,1.971
1.971,1.969
1.971,1.969
1.971,1.968
1.971,1.969
1.971,1.971
1.971,1.966
1.971,1.97
1.971,1.973
1.971,1.973
1.971,1.97
1.971,1.969
1.971,1.968
1.971,1.97
1.971,1.968
1.971,1.973
1.971,1.97
1.971,1.967
1.971,1.969
1.971,1.969
1.971,1.968
1.971,1.968
1.971,1.968
2.019,2.016
2.019,2.016
2.019,2.018
2.019,2.016
2.019,2.015
2.019,2.018
2.019,2.014
2.019,2.018
2.019,2.017
2.019,2.018
2.019,2.018
2.019,2.017
2.019,2.017
2.019,2.015
2.019,2.019
2.019,2.016
2.019,2.019
2.019,2.018
2.019,2.017
2.019,2.018
2.019,2.015
2.019,2.015
2.019,2.018
2.019,2.015
2.019,2.018
2.019,2.018
2.019,2.019
2.019,2.02
2.019,2.017
2.019,2.02
2.019,2.019
2.019,2.019
2.019,2.021
2.019,2.018
2.019,2.017
2.019,2.016
2.019,2.017
2.019,2.018
2.019,2.017
2.019,2.02
2.069,2.073
2.069,2.069
2.069,2.07
2.069,2.069
2.069,2.065
2.069,2.067
2.069,2.071
2.069,2.07
2.069,2.068
2.069,2.067
2.069,2.07
2.069,2.069
2.069,2.066
2.069,2.067
2.069,2.07
2.069,2.067
2.069,2.072
2.069,2.067
2.069,2.07
2.069,2.065
2.069,2.066
2.069,2.067
2.069,2.065
2.069,2.072
2.069,2.07
2.069,2.068
2.069,2.069
2.069,2.069
2.069,2.069
2.069,2.068
2.069,2.069
2.069,2.072
2.069,2.071
2.069,2.067
2.069,2.069
2.069,2.071
2.069,2.066
2.069,2.069
2.069,2.068
2.069,2.07
2.12,2.123
2.12,2.121
2.12,2.121
2.12,2.12
2.12,2.121
2.12,2.121
2.12,2.116
2.12,2.117
2.12,2.122
2.12,2.118
2.12,2.12
2.12,2.117
2.12,2.122
2.12,2.117
2.12,2.122
2.12,2.119
2.12,2.122
2.12,2.119
2.12,2.117
2.12,2.119
2.12,2.119
2.12,2.121
2.12,2.12
2.12,2.118
2.12,2.121
2.12,2.126
2.12,2.118
2.12,2.121
2.12,2.119
2.12,2.12
2.12,2.119
2.12,2.118
2.12,2.12
2.12,2.122
2.12,2.12
2.12,2.118
2.12,2.114
2.12,2.122
2.12,2.119
2.12,2.121
2.169,2.161
2.169,2.165
2.169,2.165
2.169,2.166
2.169,2.169
2.169,2.166
2.169,2.17
2.169,2.165
2.169,2.168
2.169,2.17
2.169,2.166
2.169,2.166
2.169,2.169
2.169,2.166
2.169,2.167
2.169,2.166
2.169,2.166
2.169,2.165
2.169,2.167
2.169,2.168
2.169,2.163
2.169,2.165
2.169,2.167
2.169,2.163
2.169,2.167
2.169,2.165
2.169,2.166
2.169,2.163
2.169,2.165
2.169,2.162
2.169,2.171
2.169,2.169
2.169,2.165
2.169,2.165
2.169,2.165
2.169,2.164
2.169,2.168
2.169,2.165
2.169,2.166
2.169,2.165
2.221,2.216
2.221,2.217
2.221,2.217
2.221,2.219
2.221,2.217
2.221,2.216
2.221,2.219
2.221,2.216
2.221,2.217
2.221,2.216
2.221,2.219
2.221,2.217
2.221,2.217
2.221,2.216
2.221,2.215
2.221,2.217
2.221,2.214
2.221,2.222
2.221,2.217
2.221,2.213
2.221,2.213
2.221,2.217
2.221,2.215
2.221,2.217
2.221,2.219
2.221,2.216
2.221,2.213
2.221,2.219
2.221,2.214
2.221,2.221
2.221,2.22
2.221,2.219
2.221,2.221
2.221,2.219
2.221,2.222
2.221,2.215
2.221,2.217
2.221,2.217
2.221,2.217
2.221,2.215
2.25,2.245
2.25,2.248
2.25,2.244
2.25,2.245
2.25,2.247
2.25,2.247
2.25,2.247
2.25,2.244
2.25,2.245
2.25,2.246
2.25,2.245
2.25,2.242
2.25,2.252
2.25,2.246
2.25,2.244
2.25,2.24
2.25,2.245
2.25,2.243
2.25,2.245
2.25,2.244
2.25,2.247
2.25,2.247
2.25,2.247
2.25,2.247
2.25,2.248
2.25,2.247
2.25,2.246
2.25,2.245
2.25,2.246
2.25,2.249
2.25,2.246
2.25,2.242
2.25,2.244
2.25,2.25
2.25,2.248
2.25,2.246
2.25,2.246
2.25,2.246
2.25,2.245
2.25,2.249
